{
  "hash": "79f51061",
  "configHash": "507898b0",
  "lockfileHash": "06c524b8",
  "browserHash": "1fda6109",
  "optimized": {
    "@angular/common": {
      "src": "../../../../../node_modules/@angular/common/fesm2022/common.mjs",
      "file": "@angular_common.js",
      "fileHash": "55ca0208",
      "needsInterop": false
    },
    "@angular/core": {
      "src": "../../../../../node_modules/@angular/core/fesm2022/core.mjs",
      "file": "@angular_core.js",
      "fileHash": "ea018647",
      "needsInterop": false
    },
    "@angular/forms": {
      "src": "../../../../../node_modules/@angular/forms/fesm2022/forms.mjs",
      "file": "@angular_forms.js",
      "fileHash": "30774597",
      "needsInterop": false
    },
    "@angular/platform-browser": {
      "src": "../../../../../node_modules/@angular/platform-browser/fesm2022/platform-browser.mjs",
      "file": "@angular_platform-browser.js",
      "fileHash": "c105b9ab",
      "needsInterop": false
    },
    "@angular/router": {
      "src": "../../../../../node_modules/@angular/router/fesm2022/router.mjs",
      "file": "@angular_router.js",
      "fileHash": "c6ce1d64",
      "needsInterop": false
    }
  },
  "chunks": {
    "chunk-2ZJC6V2N": {
      "file": "chunk-2ZJC6V2N.js"
    },
    "chunk-PDAGKNML": {
      "file": "chunk-PDAGKNML.js"
    },
    "chunk-ZM642NCP": {
      "file": "chunk-ZM642NCP.js"
    }
  }
}